"","day","temp","crime_data_count"
"1",7,38.1,1
"2",1,25.5,0.45822454308094
"3",2,18.7,0.527415143603133
"4",3,30.7,0.52154046997389
"5",4,34.9,0.568537859007833
"6",5,46.2,0.595953002610966
"7",6,40.6,0.56266318537859
"8",7,32.6,0.522193211488251
"9",1,34.3,0.576370757180157
"10",2,39.6,0.586814621409922
"11",3,39.2,0.578328981723238
"12",4,33.8,0.486292428198433
"13",5,20.4,0.490861618798956
"14",6,17.7,0.509791122715405
"15",7,18.7,0.503916449086162
"16",1,34.9,0.539164490861619
"17",2,35.7,0.550913838120104
"18",3,18.5,0.516318537859008
"19",4,20.3,0.488250652741514
"20",5,9.9,0.447127937336815
"21",6,20.4,0.468015665796345
"22",7,23.5,0.445169712793734
"23",1,38.5,0.544386422976501
"24",2,31.1,0.586161879895561
"25",3,29.5,0.627937336814621
"26",4,34.2,0.60313315926893
"27",5,37.2,0.609007832898172
"28",6,32.4,0.527415143603133
"29",7,29.4,0.530678851174935
"30",1,31.9,0.566579634464752
"31",2,49.6,0.629242819843342
"32",3,43.7,0.679503916449086
"33",4,36.3,0.574412532637076
"34",5,35.6,0.585509138381201
"35",6,37.8,0.553524804177546
"36",7,36.3,0.485639686684073
"37",1,31.9,0.49934725848564
"38",2,31.9,0.560052219321149
"39",3,30.6,0.529373368146214
"40",4,27.8,0.5411227154047
"41",5,31.8,0.505874673629243
"42",6,14.6,0.464751958224543
"43",7,22,0.468668407310705
"44",1,26.8,0.475848563968668
"45",2,31.7,0.505874673629243
"46",3,37,0.605744125326371
"47",4,40.3,0.567232375979112
"48",5,37.4,0.643603133159269
"49",6,36.7,0.498041775456919
"50",7,31.8,0.512402088772846
"51",1,31.6,0.467362924281984
"52",2,38.1,0.554830287206266
"53",3,38.4,0.585509138381201
"54",4,36,0.533289817232376
"55",5,34.1,0.511749347258486
"56",6,25.2,0.516971279373368
"57",7,29.6,0.474543080939948
"58",1,36.9,0.533942558746736
"59",2,32.7,0.58289817232376
"60",3,47.6,0.571148825065274
"61",4,37.6,0.680156657963446
"62",5,38.1,0.575065274151436
"63",6,33.3,0.508485639686684
"64",7,30.2,0.494125326370757
"65",1,28.2,0.498694516971279
"66",2,43.8,0.612271540469974
"67",3,60.2,0.620104438642298
"68",4,50.1,0.601827676240209
"69",5,36,0.62532637075718
"70",6,38.4,0.581592689295039
"71",7,53.2,0.525456919060052
"72",1,59.2,0.595300261096606
"73",2,58,0.60443864229765
"74",3,62.6,0.607049608355091
"75",4,71.2,0.652741514360313
"76",5,60.4,0.62402088772846
"77",6,69.5,0.698433420365535
"78",7,69.5,0.599869451697128
"79",1,69.2,0.639033942558747
"80",2,74.3,0.647519582245431
"81",3,73.8,0.702349869451697
"82",4,71.2,0.639033942558747
"83",5,62.8,0.637075718015666
"84",6,56.2,0.590731070496084
"85",7,57.6,0.577676240208877
"86",1,43.2,0.54242819843342
"87",2,50.1,0.566579634464752
"88",3,63.8,0.594647519582245
"89",4,46.1,0.618798955613577
"90",5,45.4,0.614229765013055
"91",6,42.2,0.573107049608355
"92",7,49.2,0.652088772845953
"93",1,51.9,0.540469973890339
"94",2,57.7,0.576370757180157
"95",3,51.5,0.564621409921671
"96",4,45.6,0.575065274151436
"97",5,43.6,0.589425587467363
"98",6,49.5,0.635770234986945
"99",7,56.7,0.535248041775457
"100",1,54.3,0.599216710182768
"101",2,43,0.550913838120104
"102",3,41.8,0.600522193211488
"103",4,46.7,0.601827676240209
"104",5,53.7,0.612924281984334
"105",6,59,0.616187989556136
"106",7,67.3,0.637728459530026
"107",1,60,0.607702349869452
"108",2,48.5,0.62597911227154
"109",3,54.1,0.573759791122715
"110",4,58,0.627284595300261
"111",5,45.3,0.598563968668407
"112",6,44.5,0.571801566579634
"113",7,46.1,0.537859007832898
"114",1,48.6,0.610313315926893
"115",2,51.6,0.584856396866841
"116",3,55.2,0.621409921671018
"117",4,51.3,0.60378590078329
"118",5,44.2,0.627937336814621
"119",6,46.6,0.573107049608355
"120",7,48.7,0.524151436031332
"121",1,54.3,0.567232375979112
"122",2,57.8,0.694516971279373
"123",3,67.3,0.651436031331593
"124",4,75.6,0.640339425587467
"125",5,66.9,0.672976501305483
"126",6,56.6,0.620104438642298
"127",7,58.4,0.550261096605744
"128",1,60.3,0.635117493472585
"129",2,61.1,0.669060052219321
"130",3,56.9,0.637728459530026
"131",4,55.4,0.597911227154047
"132",5,61,0.651436031331593
"133",6,64.5,0.608355091383812
"134",7,61,0.534595300261097
"135",1,63.8,0.655352480417755
"136",2,71.3,0.678851174934726
"137",3,61.2,0.618146214099217
"138",4,59.7,0.622715404699739
"139",5,67.1,0.638381201044386
"140",6,75,0.607702349869452
"141",7,78.9,0.62402088772846
"142",1,65.1,0.578328981723238
"143",2,60.2,0.620104438642298
"144",3,64.2,0.699738903394256
"145",4,75.7,0.6677545691906
"146",5,76.1,0.706919060052219
"147",6,69.6,0.593994778067885
"148",7,79.2,0.60509138381201
"149",1,85.9,0.672323759791123
"150",2,78.1,0.714099216710183
"151",3,65,0.642950391644909
"152",4,51.4,0.5411227154047
"153",5,54.6,0.798955613577023
"154",6,61.2,0.616187989556136
"155",7,68.9,0.64686684073107
"156",1,70.2,0.639686684073107
"157",2,64.4,0.620104438642298
"158",3,64.8,0.668407310704961
"159",4,68.3,0.64686684073107
"160",5,72.9,0.727154046997389
"161",6,78.9,0.684725848563969
"162",7,80.3,0.657963446475196
"163",1,80.6,0.696475195822454
"164",2,73.7,0.710835509138381
"165",3,65.2,0.702349869451697
"166",4,70.5,0.639033942558747
"167",5,77.4,0.706266318537859
"168",6,81.5,0.693211488250653
"169",7,77.3,0.617493472584856
"170",1,81,0.697127937336815
"171",2,86,0.656005221932115
"172",3,86.1,0.716710182767624
"173",4,81.1,0.689295039164491
"174",5,76.4,0.731070496083551
"175",6,76.2,0.736292428198433
"176",7,78.9,0.703002610966057
"177",1,71.2,0.629895561357702
"178",2,70,0.62467362924282
"179",3,74.9,0.683420365535248
"180",4,87,0.612924281984334
"181",5,81.7,0.682114882506527
"182",6,79.3,0.659921671018277
"183",7,80.9,0.776762402088773
"184",1,83.8,0.689295039164491
"185",2,86.7,0.691906005221932
"186",3,89.8,0.682114882506527
"187",4,89.5,0.659268929503916
"188",5,92.3,0.670365535248042
"189",6,86.9,0.693864229765013
"190",7,77.2,0.713446475195822
"191",1,77.9,0.695169712793734
"192",2,76.5,0.68798955613577
"193",3,75.7,0.672323759791123
"194",4,79.8,0.678851174934726
"195",5,81.1,0.70757180156658
"196",6,77.8,0.68798955613577
"197",7,80.9,0.734334203655353
"198",1,85.2,0.64490861618799
"199",2,89.2,0.655352480417755
"200",3,83.9,0.637728459530026
"201",4,77,0.601174934725849
"202",5,74.7,0.699738903394256
"203",6,75.8,0.695169712793734
"204",7,79.4,0.642950391644909
"205",1,86.2,0.64490861618799
"206",2,80.6,0.631201044386423
"207",3,80.5,0.660574412532637
"208",4,83.3,0.637075718015666
"209",5,75.4,0.678851174934726
"210",6,74.4,0.681462140992167
"211",7,74.3,0.663838120104439
"212",1,80.1,0.652088772845953
"213",2,79.6,0.609007832898172
"214",3,77.7,0.722584856396867
"215",4,79.9,0.665143603133159
"216",5,82,0.692558746736292
"217",6,81.3,0.652741514360313
"218",7,74.7,0.627937336814621
"219",1,74.3,0.627937336814621
"220",2,77.3,0.621409921671018
"221",3,79.1,0.635770234986945
"222",4,72.4,0.610966057441253
"223",5,67.1,0.596605744125326
"224",6,67.1,0.648825065274151
"225",7,68.3,0.616187989556136
"226",1,66.4,0.566579634464752
"227",2,68,0.627284595300261
"228",3,73.9,0.693864229765013
"229",4,73,0.611618798955614
"230",5,67,0.628590078328982
"231",6,66.4,0.643603133159269
"232",7,69.1,0.613577023498694
"233",1,68.4,0.58289817232376
"234",2,66.8,0.601174934725849
"235",3,69.3,0.580939947780679
"236",4,76.3,0.672976501305483
"237",5,79.6,0.673629242819843
"238",6,80.9,0.704960835509138
"239",7,74.4,0.590731070496084
"240",1,74.8,0.588772845953003
"241",2,74.5,0.622062663185379
"242",3,74.3,0.623368146214099
"243",4,76.5,0.606396866840731
"244",5,81.7,0.662532637075718
"245",6,74.1,0.77088772845953
"246",7,75.2,0.58420365535248
"247",1,78,0.580939947780679
"248",2,78.9,0.596605744125326
"249",3,73.1,0.56201044386423
"250",4,77.7,0.664490861618799
"251",5,72,0.626631853785901
"252",6,62.7,0.642950391644909
"253",7,62.5,0.593994778067885
"254",1,63.7,0.575065274151436
"255",2,68,0.595953002610966
"256",3,73.5,0.610966057441253
"257",4,66.9,0.566579634464752
"258",5,61.2,0.650783289817232
"259",6,65.4,0.661227154046997
"260",7,65.2,0.585509138381201
"261",1,65.8,0.588120104438642
"262",2,56.7,0.54242819843342
"263",3,56.1,0.596605744125326
"264",4,64.1,0.600522193211488
"265",5,54.9,0.651436031331593
"266",6,51.6,0.568537859007833
"267",7,50.8,0.539817232375979
"268",1,52.6,0.567232375979112
"269",2,63.6,0.601827676240209
"270",3,62.6,0.609660574412533
"271",4,56,0.547650130548303
"272",5,58.3,0.641644908616188
"273",6,60.2,0.633159268929504
"274",7,58.5,0.567232375979112
"275",1,56.5,0.68798955613577
"276",2,60.4,0.591383812010444
"277",3,61.5,0.599869451697128
"278",4,63.1,0.574412532637076
"279",5,48.3,0.597258485639687
"280",6,42.7,0.526762402088773
"281",7,44.5,0.501305483028721
"282",1,44,0.588120104438642
"283",2,53.8,0.5822454308094
"284",3,45.2,0.627937336814621
"285",4,49.1,0.565274151436031
"286",5,47.4,0.629242819843342
"287",6,50.7,0.571148825065274
"288",7,64.4,0.561357702349869
"289",1,50.7,0.612924281984334
"290",2,51.6,0.570496083550914
"291",3,63.4,0.62402088772846
"292",4,51.6,0.586161879895561
"293",5,46.6,0.614882506527415
"294",6,48,0.627284595300261
"295",7,49.9,0.60509138381201
"296",1,57.6,0.547650130548303
"297",2,62.6,0.58289817232376
"298",3,67.4,0.665143603133159
"299",4,69.9,0.555483028720627
"300",5,44.7,0.628590078328982
"301",6,41.4,0.56201044386423
"302",7,42.6,0.539817232375979
"303",1,42.5,0.543733681462141
"304",2,42.4,0.569843342036554
"305",3,41.3,0.620757180156658
"306",4,43.2,0.701697127937337
"307",5,42.1,0.608355091383812
"308",6,41.7,0.523498694516971
"309",7,39.8,0.477154046997389
"310",1,39.2,0.581592689295039
"311",2,36.6,0.513054830287206
"312",3,42.2,0.571148825065274
"313",4,43.6,0.556788511749347
"314",5,41.8,0.653394255874674
"315",6,55.1,0.637728459530026
"316",7,62.7,0.577023498694517
"317",1,37.9,0.518929503916449
"318",2,31.5,0.539164490861619
"319",3,35.4,0.552872062663185
"320",4,37.3,0.618146214099217
"321",5,39.3,0.614229765013055
"322",6,40.7,0.570496083550914
"323",7,42.1,0.554177545691906
"324",1,46.3,0.565926892950392
"325",2,51.4,0.60378590078329
"326",3,43.7,0.5822454308094
"327",4,52.4,0.430809399477807
"328",5,39.3,0.513707571801567
"329",6,28.3,0.546997389033943
"330",7,33.6,0.530678851174935
"331",1,32.7,0.52154046997389
"332",2,26.3,0.528067885117493
"333",3,33.4,0.560052219321149
"334",4,38.9,0.597911227154047
"335",5,44.7,0.64686684073107
"336",6,42.8,0.690600522193211
"337",7,57.7,0.549608355091384
"338",1,55.2,0.609007832898172
"339",2,56.6,0.598563968668407
"340",3,37.2,0.56201044386423
"341",4,36.7,0.571801566579634
"342",5,43.4,0.586814621409922
"343",6,39.7,0.507832898172324
"344",7,38.6,0.496736292428198
"345",1,35,0.556788511749347
"346",2,30.5,0.539164490861619
"347",3,34.2,0.596605744125326
"348",4,39.1,0.528067885117493
"349",5,39,0.622715404699739
"350",6,42.7,0.560052219321149
"351",7,46,0.515013054830287
"352",1,38.4,0.5411227154047
"353",2,33.7,0.555483028720627
"354",3,36.3,0.572454308093995
"355",4,43,0.540469973890339
"356",5,29.9,0.507832898172324
"357",6,22.7,0.477806788511749
"358",7,26.2,0.498041775456919
"359",1,32.3,0.462793733681462
"360",2,28,0.340731070496084
"361",3,31.4,0.405352480417755
"362",4,29.7,0.446475195822454
"363",5,30.6,0.558093994778068
"364",6,29.4,0.526109660574413
"365",7,22.3,0.461488250652742
"366",1,32.2,0.483028720626632
"367",2,19.6,1
"368",3,17.1,0.527797325826882
"369",4,25.8,0.546094299788881
"370",5,22.5,0.609429978888107
"371",6,29.1,0.554539057002111
"372",7,31.6,0.491203377902885
"373",1,26.5,0.575650950035187
"374",2,32.3,0.531315974665728
"375",3,40,0.622097114707952
"376",4,34.3,0.596762843068262
"377",5,45.9,0.636875439831105
"378",6,47.6,0.536945812807882
"379",7,27.8,0.498944405348346
"380",1,17,0.524278676988037
"381",2,21.7,0.591836734693878
"382",3,25.1,0.584799437016186
"383",4,29.2,0.597466572836031
"384",5,27.2,0.652357494722027
"385",6,39.9,0.622800844475721
"386",7,25.2,0.484166080225194
"387",1,12.4,0.467980295566502
"388",2,5.1,0.487684729064039
"389",3,13.2,0.560872624912034
"390",4,13.7,0.607318789584799
"391",5,21.2,0.579873328641802
"392",6,20.9,0.560872624912034
"393",7,26.6,0.4954257565095
"394",1,41.3,0.638282899366643
"395",2,51.8,0.637579169598874
"396",3,41.1,0.602392681210415
"397",4,19.1,0.52990851513019
"398",5,6.8,0.625615763546798
"399",6,16.2,0.519352568613652
"400",7,13.7,0.416608022519353
"401",1,23,0.512315270935961
"402",2,20.2,0.55524278676988
"403",3,26.3,0.58128078817734
"404",4,33.3,0.52990851513019
"405",5,28.3,0.574243490499648
"406",6,27,0.56368754398311
"407",7,33.9,0.536242083040113
"408",1,38,0.534834623504574
"409",2,27.6,0.552427867698804
"410",3,29,0.605207600281492
"411",4,37,0.527797325826882
"412",5,30,0.656579873328642
"413",6,19,0.486277269528501
"414",7,16.9,0.48698099929627
"415",1,35.9,0.532019704433498
"416",2,24.3,0.527797325826882
"417",3,14.6,0.540464461646728
"418",4,23.1,0.540464461646728
"419",5,27.8,0.536945812807882
"420",6,26.7,0.490499648135116
"421",7,25.9,0.475721323011963
"422",1,31.2,0.532723434201267
"423",2,34.2,0.475017593244194
"424",3,33.5,0.58128078817734
"425",4,33.5,0.568613652357495
"426",5,27.6,0.707952146375792
"427",6,26.4,0.539057002111189
"428",7,23.2,0.5045742434905
"429",1,25.9,0.57283603096411
"430",2,32.1,0.489795918367347
"431",3,30.6,0.509500351864884
"432",4,32.6,0.584799437016186
"433",5,31.9,0.619282195636875
"434",6,34.9,0.58972554539057
"435",7,42.7,0.488388458831809
"436",1,42.5,0.579873328641802
"437",2,32.5,0.591836734693878
"438",3,27.9,0.579873328641802
"439",4,28.9,0.592540464461647
"440",5,34.6,0.617874736101337
"441",6,33,0.581984517945109
"442",7,30.3,0.543983110485574
"443",1,31.6,0.558761435608726
"444",2,24.1,0.542575650950035
"445",3,21.6,0.55524278676988
"446",4,21.9,0.534130893736805
"447",5,28.3,0.608022519352569
"448",6,32.4,0.551020408163265
"449",7,33.8,0.55524278676988
"450",1,33.8,0.533427163969036
"451",2,35.2,0.545390570021112
"452",3,37.2,0.545390570021112
"453",4,38.1,0.586206896551724
"454",5,43.2,0.61505981703026
"455",6,42.5,0.611541168191414
"456",7,49.3,0.539760731878958
"457",1,36.2,0.670654468684025
"458",2,34,0.590429275158339
"459",3,35.1,0.581984517945109
"460",4,39.1,0.657283603096411
"461",5,43.8,0.633356790992259
"462",6,46.9,0.567909922589726
"463",7,53,0.560872624912034
"464",1,50.3,0.630541871921182
"465",2,43.9,0.580577058409571
"466",3,39.9,0.599577762139338
"467",4,41.3,0.572132301196341
"468",5,41,0.648838845883181
"469",6,38.7,0.592540464461647
"470",7,45.4,0.582688247712878
"471",1,60.6,0.593244194229416
"472",2,47.2,0.60661505981703
"473",3,43.4,0.505981703026038
"474",4,52.2,0.560872624912034
"475",5,40.9,0.596059113300493
"476",6,37.1,0.565798733286418
"477",7,40.5,0.543983110485574
"478",1,51.5,0.643912737508797
"479",2,53.2,0.537649542575651
"480",3,41.3,0.638282899366643
"481",4,45,0.616467276565799
"482",5,49.2,0.676988036593948
"483",6,57.2,0.611541168191414
"484",7,57.8,0.558761435608726
"485",1,60.1,0.636171710063336
"486",2,69.6,0.605911330049261
"487",3,74.4,0.823363828289937
"488",4,54.4,0.581984517945109
"489",5,43.6,0.635467980295567
"490",6,55.4,0.642505277973258
"491",7,58.1,0.581984517945109
"492",1,59.8,0.617874736101337
"493",2,61,0.639690358902182
"494",3,65.1,0.679099225897255
"495",4,64.1,0.589021815622801
"496",5,47.4,0.643912737508797
"497",6,49.7,0.586206896551724
"498",7,46.3,0.586206896551724
"499",1,48,0.629838142153413
"500",2,65.5,0.637579169598874
"501",3,76,0.729767769176636
"502",4,69.6,0.684729064039409
"503",5,60.7,0.695988740323716
"504",6,65.8,0.665728360309641
"505",7,71.6,0.5981703026038
"506",1,79.5,0.676284306826179
"507",2,72.8,0.655172413793103
"508",3,68.7,0.640394088669951
"509",4,53.6,0.591133004926108
"510",5,47.8,0.65798733286418
"511",6,49.9,0.58972554539057
"512",7,54.5,0.547501759324419
"513",1,57.4,0.542575650950035
"514",2,64.8,0.596762843068262
"515",3,71.1,0.636171710063336
"516",4,76.5,0.665728360309641
"517",5,70.5,0.656579873328642
"518",6,70.3,0.762843068261787
"519",7,57.5,0.585503166783955
"520",1,53.6,0.643209007741027
"521",2,60.2,0.603800140745954
"522",3,61.6,0.636171710063336
"523",4,57.7,0.67558057705841
"524",5,57.9,0.617874736101337
"525",6,62.3,0.64954257565095
"526",7,66.6,0.584799437016186
"527",1,70.7,0.624912033779029
"528",2,70.4,0.602392681210415
"529",3,75,0.584095707248417
"530",4,66.9,0.644616467276566
"531",5,64.1,0.710063335679099
"532",6,66.7,0.63265306122449
"533",7,76.4,0.673469387755102
"534",1,77.4,0.719211822660099
"535",2,62.7,0.654468684025334
"536",3,63.5,0.633356790992259
"537",4,71.2,0.681914144968332
"538",5,74.8,0.636171710063336
"539",6,73.1,0.648838845883181
"540",7,75.9,0.625615763546798
"541",1,76.4,0.580577058409571
"542",2,73,0.642505277973258
"543",3,72.9,0.670654468684025
"544",4,75.7,0.61576354679803
"545",5,74.7,0.640394088669951
"546",6,68,0.635467980295567
"547",7,67.7,0.657283603096411
"548",1,68.3,0.759324419422942
"549",2,64.6,0.619282195636875
"550",3,64.1,0.618578465869106
"551",4,69.1,0.665728360309641
"552",5,73.9,0.695988740323716
"553",6,75.3,0.62420830401126
"554",7,77.2,0.635467980295567
"555",1,78.4,0.622097114707952
"556",2,79.7,0.622097114707952
"557",3,81.2,0.613652357494722
"558",4,72.9,0.622800844475721
"559",5,71.8,0.66643209007741
"560",6,74.3,0.66643209007741
"561",7,78.3,0.665728360309641
"562",1,79.8,0.716396903589022
"563",2,81,0.638282899366643
"564",3,85.2,0.655876143560873
"565",4,85.2,0.647431386347643
"566",5,86.4,0.636171710063336
"567",6,80,0.646023926812104
"568",7,76.2,0.653764954257565
"569",1,76.3,0.705137227304715
"570",2,74.9,0.650950035186488
"571",3,66.3,0.678395496129486
"572",4,68.2,0.646023926812104
"573",5,69.1,0.697396199859254
"574",6,62.4,0.629838142153413
"575",7,59.8,0.604503870513723
"576",1,65.3,0.627023223082336
"577",2,66.3,0.627023223082336
"578",3,67.6,0.593244194229416
"579",4,70,0.724137931034483
"580",5,72.1,0.681914144968332
"581",6,73.8,0.684729064039409
"582",7,68.6,0.648838845883181
"583",1,66.2,0.600281491907108
"584",2,71.8,0.636875439831105
"585",3,78.9,0.661505981703026
"586",4,71.6,0.64109781843772
"587",5,71.7,0.694581280788177
"588",6,74,0.717100633356791
"589",7,71.3,0.630541871921182
"590",1,74.2,0.691766361717101
"591",2,67,0.633356790992259
"592",3,63.7,0.620689655172414
"593",4,64.2,0.650246305418719
"594",5,69.3,0.650950035186488
"595",6,70.6,0.664320900774103
"596",7,71.8,0.620689655172414
"597",1,72.2,0.660098522167488
"598",2,77.2,0.676988036593948
"599",3,79.4,0.608022519352569
"600",4,75.1,0.637579169598874
"601",5,72.6,0.638282899366643
"602",6,72.7,0.662209711470795
"603",7,76.9,0.667839549612949
"604",1,80.3,0.662913441238564
"605",2,84.3,0.622800844475721
"606",3,81,0.634764250527797
"607",4,77,0.613652357494722
"608",5,80.3,0.657283603096411
"609",6,72.9,0.574243490499648
"610",7,74.4,0.785362420830401
"611",1,72,0.653061224489796
"612",2,66.2,0.614356087262491
"613",3,69.5,0.590429275158339
"614",4,71.5,0.653061224489796
"615",5,69.2,0.631245601688951
"616",6,76.3,0.648135116115412
"617",7,74.8,0.609429978888107
"618",1,78.2,0.610837438423645
"619",2,86.8,0.644616467276566
"620",3,82.7,0.613652357494722
"621",4,75,0.603096410978184
"622",5,61.8,0.62420830401126
"623",6,59,0.583391977480647
"624",7,59,0.587614356087263
"625",1,58.9,0.546094299788881
"626",2,58.8,0.58972554539057
"627",3,67.7,0.600985221674877
"628",4,72.6,0.599577762139338
"629",5,72.6,0.665728360309641
"630",6,60.5,0.636171710063336
"631",7,56.9,0.532723434201267
"632",1,57.6,0.597466572836031
"633",2,60.1,0.648135116115412
"634",3,61.5,0.62350457424349
"635",4,63.1,0.602392681210415
"636",5,65.9,0.679099225897255
"637",6,68,0.64954257565095
"638",7,65.3,0.533427163969036
"639",1,59.6,0.586206896551724
"640",2,66.9,0.774806474313864
"641",3,70.1,0.611541168191414
"642",4,67.6,0.604503870513723
"643",5,69.5,0.61505981703026
"644",6,69.3,0.599577762139338
"645",7,59.7,0.522871217452498
"646",1,52.8,0.54679802955665
"647",2,58.5,0.56368754398311
"648",3,59.9,0.619985925404645
"649",4,60.6,0.602392681210415
"650",5,63.6,0.612948627726953
"651",6,62.4,0.577762139338494
"652",7,55,0.548205489092189
"653",1,53.6,0.551020408163265
"654",2,57.2,0.551020408163265
"655",3,52,0.56439127375088
"656",4,50.1,0.547501759324419
"657",5,44.6,0.589021815622801
"658",6,47.1,0.547501759324419
"659",7,47.2,0.568613652357495
"660",1,49.8,0.548205489092189
"661",2,35.9,0.527797325826882
"662",3,38,0.528501055594652
"663",4,39,0.539057002111189
"664",5,38.5,0.593244194229416
"665",6,47.4,0.524278676988037
"666",7,42.2,0.527797325826882
"667",1,44.7,0.591133004926108
"668",2,47.4,0.598874032371569
"669",3,52.1,0.584799437016186
"670",4,61.3,0.648135116115412
"671",5,47.3,0.712878254750176
"672",6,43.7,0.546094299788881
"673",7,42.4,0.561576354679803
"674",1,47.9,0.584095707248417
"675",2,52.7,0.582688247712878
"676",3,52,0.552427867698804
"677",4,37.5,0.543279380717804
"678",5,37,0.608022519352569
"679",6,49.3,0.543983110485574
"680",7,43.1,0.52990851513019
"681",1,41.9,0.482758620689655
"682",2,27.3,0.484166080225194
"683",3,27.8,0.58128078817734
"684",4,38.4,0.539057002111189
"685",5,43.5,0.657283603096411
"686",6,47.1,0.536945812807882
"687",7,60.1,0.520760028149191
"688",1,41.1,0.603800140745954
"689",2,33.1,0.5981703026038
"690",3,35.7,0.611541168191414
"691",4,44.3,0.608022519352569
"692",5,40,0.599577762139338
"693",6,25.3,0.472906403940887
"694",7,17.9,0.450387051372273
"695",1,25.9,0.47853624208304
"696",2,31.1,0.584799437016186
"697",3,20.8,0.515833919774807
"698",4,26.5,0.399014778325123
"699",5,25.3,0.567909922589726
"700",6,36,0.524982406755806
"701",7,37.1,0.617171006333568
"702",1,36.5,0.55594651653765
"703",2,40.9,0.602392681210415
"704",3,49.9,0.610133708655876
"705",4,35.1,0.537649542575651
"706",5,20,0.510204081632653
"707",6,14,0.456720619282196
"708",7,19,0.429275158339198
"709",1,21.6,0.443349753694581
"710",2,8.8,0.446868402533427
"711",3,16,0.457424349049965
"712",4,6.2,0.465165376495426
"713",5,21.3,0.562280084447572
"714",6,30.2,0.459535538353272
"715",7,18.8,0.443349753694581
"716",1,13,0.497536945812808
"717",2,22.4,0.532019704433498
"718",3,24.7,0.536945812807882
"719",4,35.2,0.561576354679803
"720",5,34.8,0.604503870513723
"721",6,32.4,0.551724137931034
"722",7,32.6,0.530612244897959
"723",1,19.6,0.477832512315271
"724",2,3.6,0.381421534130894
"726",4,23.2,0.425052779732583
"727",5,32.7,0.517241379310345
"728",6,40.2,0.52146375791696
"729",7,35.4,0.505277973258269
"730",1,9.6,0.450387051372273
"731",2,7.8,0.394792399718508
"732",3,15.8,1
"734",5,4.3,0.466390041493776
"735",6,23.7,0.478838174273859
"739",3,2.7,0.496265560165975
"740",4,7.9,0.50954356846473
"741",5,30.1,0.526970954356846
"742",6,37,0.542738589211618
"743",7,32.9,0.570124481327801
"744",1,41.3,0.631535269709544
"745",2,29.9,0.570954356846473
"746",3,19.8,0.618257261410788
"747",4,25.1,0.570954356846473
"748",5,17.8,0.619087136929461
"749",6,15.1,0.550207468879668
"750",7,18.7,0.537759336099585
"751",1,32.8,0.576763485477178
"752",2,10.4,0.489626556016597
"753",3,6.1,0.517842323651452
"754",4,3.4,0.518672199170125
"755",5,5.3,0.570954356846473
"756",6,23,0.562655601659751
"757",7,14.7,0.493775933609959
"758",1,4.8,0.453112033195021
"759",2,-5.2,0.493775933609959
"760",3,7.8,0.604149377593361
"761",4,23.9,0.624066390041494
"762",5,24,0.617427385892116
"763",6,25.2,0.654771784232365
"764",7,18.6,0.481327800829876
"765",1,7.9,0.561825726141079
"766",2,15.1,0.535269709543568
"767",3,23.3,0.463900414937759
"768",4,6.7,0.507053941908714
"769",5,2.3,0.575103734439834
"770",6,10.3,0.501244813278008
"771",7,14.1,0.537759336099585
"772",1,5.5,0.514522821576763
"773",2,3.5,0.493775933609959
"774",3,7.7,0.502904564315353
"775",4,22,0.532780082987552
"776",5,19.6,0.577593360995851
"777",6,14.7,0.530290456431535
"778",7,20.4,0.485477178423237
"779",1,23.8,0.496265560165975
"780",2,31,0.52448132780083
"781",3,38.1,0.589211618257261
"782",4,35.6,0.537759336099585
"783",5,33.9,0.595850622406639
"784",6,27.7,0.536929460580913
"785",7,22.7,0.523651452282158
"786",1,18.3,0.526970954356846
"787",2,18.5,0.539419087136929
"788",3,7.6,0.549377593360996
"789",4,11,0.508713692946058
"790",5,11.7,0.580912863070539
"791",6,24.6,0.611618257261411
"792",7,10.5,0.457261410788382
"793",1,6.7,0.492946058091286
"794",2,16.1,0.520331950207469
"795",3,21.4,0.528630705394191
"796",4,22.1,0.548547717842324
"797",5,28.6,0.628215767634855
"798",6,32.9,0.567634854771784
"799",7,27.1,0.515352697095436
"800",1,44.4,0.676348547717842
"801",2,43.7,0.579253112033195
"802",3,30.8,0.547717842323652
"803",4,21.5,0.595850622406639
"804",5,42.6,0.686307053941909
"805",6,36.8,0.700414937759336
"806",7,24.2,0.529460580912863
"807",1,26.2,0.5850622406639
"808",2,37.2,0.678838174273859
"809",3,43.5,0.631535269709544
"810",4,36.9,0.649792531120332
"811",5,41.1,0.664730290456432
"812",6,41.7,0.611618257261411
"813",7,27.2,0.536929460580913
"814",1,25.6,0.578423236514523
"815",2,27.4,0.580912863070539
"816",3,25.7,0.600829875518672
"817",4,38.7,0.596680497925311
"818",5,43.6,0.652282157676349
"819",6,35.6,0.639834024896266
"820",7,37.9,0.611618257261411
"821",1,52.1,0.610788381742739
"822",2,46.3,0.766804979253112
"823",3,41.3,0.601659751037344
"824",4,38.1,0.593360995850622
"825",5,39.9,0.673029045643154
"826",6,40,0.624066390041494
"827",7,42,0.588381742738589
"828",1,45.5,0.632365145228216
"829",2,50.2,0.620746887966805
"830",3,48.6,0.643983402489627
"831",4,58.2,0.673029045643154
"832",5,54.8,0.651452282157676
"833",6,62.7,0.723651452282158
"834",7,62.3,0.564315352697095
"835",1,46,0.571784232365145
"836",2,31.4,0.620746887966805
"837",3,37.5,0.640663900414938
"838",4,49.7,0.693775933609958
"839",5,48.3,0.653112033195021
"840",6,46.2,0.627385892116183
"841",7,59.6,0.572614107883817
"842",1,66.6,0.605809128630705
"843",2,54.3,0.610788381742739
"844",3,42.4,0.611618257261411
"845",4,49,0.638174273858921
"846",5,55.8,0.702904564315353
"847",6,51.9,0.645643153526971
"848",7,47.4,0.557676348547718
"849",1,50.3,0.600829875518672
"850",2,51.6,0.653941908713693
"851",3,50.4,0.662240663900415
"852",4,45.2,0.727800829875519
"853",5,48.2,0.71701244813278
"854",6,54.9,0.618257261410788
"855",7,55.4,0.598340248962656
"856",1,48.5,0.701244813278008
"857",2,50.4,0.684647302904564
"858",3,58.9,0.638174273858921
"859",4,68.7,0.636514522821577
"860",5,71.2,0.716182572614108
"861",6,61.6,0.678008298755187
"862",7,67.2,0.617427385892116
"863",1,72,0.674688796680498
"864",2,65,0.674688796680498
"865",3,53.3,0.653112033195021
"866",4,47.2,0.624896265560166
"867",5,41.4,0.697925311203319
"868",6,47.8,0.666390041493776
"869",7,56.4,0.712863070539419
"870",1,59.1,0.653112033195021
"871",2,70.8,0.63402489626556
"872",3,74.9,0.692116182572614
"873",4,66.8,0.654771784232365
"874",5,59.3,0.669709543568465
"875",6,59.6,0.629875518672199
"876",7,66.2,0.683817427385892
"877",1,73.7,0.645643153526971
"878",2,74.9,0.63402489626556
"879",3,63.6,0.664730290456432
"880",4,62.6,0.643983402489627
"881",5,65.4,0.687136929460581
"882",6,71,0.703734439834025
"883",7,75.4,0.859751037344398
"884",1,76.1,0.726970954356846
"885",2,75.1,0.745228215767635
"886",3,66.2,0.643153526970954
"887",4,63.3,0.666390041493776
"888",5,67.5,0.712863070539419
"889",6,71.1,0.721161825726141
"890",7,65.1,0.64149377593361
"891",1,64.7,0.68298755186722
"892",2,60.4,0.55850622406639
"893",3,60,0.643153526970954
"894",4,67.9,0.682157676348548
"895",5,65.7,0.776763485477178
"896",6,65.9,0.699585062240664
"897",7,71.6,0.73195020746888
"898",1,78.4,0.723651452282158
"899",2,81.9,0.736929460580913
"900",3,78.3,0.639834024896266
"901",4,66,0.683817427385892
"902",5,73.8,0.736099585062241
"903",6,68.5,0.717842323651452
"904",7,70.1,0.719502074688797
"905",1,71.1,0.688796680497925
"906",2,76.6,0.714522821576764
"907",3,68.9,0.70954356846473
"908",4,64.4,0.685477178423237
"909",5,70.7,0.745228215767635
"910",6,79.1,0.707883817427386
"911",7,77.4,0.751867219917012
"912",1,78.9,0.664730290456432
"913",2,72.4,0.839004149377593
"914",3,67.2,0.679668049792531
"915",4,62.8,0.735269709543569
"916",5,68.3,0.695435684647303
"917",6,69.2,0.745228215767635
"918",7,73,0.72448132780083
"919",1,79.7,0.746058091286307
"920",2,76.5,0.678008298755187
"921",3,72,0.708713692946058
"922",4,69.9,0.681327800829876
"923",5,70.3,0.782572614107884
"924",6,73.9,0.672199170124481
"925",7,75.8,0.704564315352697
"926",1,71.6,0.67551867219917
"927",2,63.5,0.678008298755187
"928",3,63.2,0.701244813278008
"929",4,66,0.670539419087137
"930",5,69.6,0.725311203319502
"931",6,70.4,0.720331950207469
"932",7,72.1,0.700414937759336
"933",1,74.9,0.672199170124481
"934",2,79.1,0.692116182572614
"935",3,72.9,0.714522821576764
"936",4,65.4,0.707883817427386
"937",5,65.8,0.767634854771784
"938",6,74,0.726141078838174
"939",7,77.9,0.738589211618257
"940",1,66.7,0.72448132780083
"941",2,68.5,0.667219917012448
"942",3,68.7,0.658921161825726
"943",4,71.1,0.714522821576764
"944",5,72.7,0.896265560165975
"945",6,71.8,0.744398340248963
"946",7,75.4,0.70207468879668
"947",1,74.7,0.64896265560166
"948",2,71.4,0.684647302904564
"949",3,70.7,0.671369294605809
"950",4,71.9,0.699585062240664
"951",5,73.6,0.679668049792531
"952",6,73.5,0.736099585062241
"953",7,73.7,0.70954356846473
"954",1,72.4,0.725311203319502
"955",2,67,0.630705394190871
"956",3,68.5,0.711203319502075
"957",4,67,0.660580912863071
"958",5,65.1,0.716182572614108
"959",6,71.3,0.70954356846473
"960",7,69.7,0.715352697095436
"961",1,69.9,0.677178423236515
"962",2,77,0.643983402489627
"963",3,75.8,0.692116182572614
"964",4,74.9,0.645643153526971
"965",5,77.6,0.677178423236515
"966",6,77.1,0.682157676348548
"967",7,76.3,0.710373443983403
"968",1,79.3,0.644813278008299
"969",2,76.2,0.667219917012448
"970",3,73.9,0.64896265560166
"971",4,70.7,0.612448132780083
"972",5,75.8,0.734439834024896
"973",6,77.2,0.719502074688797
"974",7,76.2,0.688796680497925
"975",1,76.7,0.84149377593361
"976",2,74.4,0.663070539419087
"977",3,72.8,0.6
"978",4,75.8,0.621576763485477
"979",5,79.6,0.700414937759336
"980",6,66.7,0.67551867219917
"981",7,67.2,0.68298755186722
"982",1,67.2,0.570124481327801
"983",2,70.3,0.653941908713693
"984",3,72.4,0.585892116182573
"985",4,54.2,0.620746887966805
"986",5,51.4,0.596680497925311
"987",6,47.4,0.568464730290456
"988",7,52.5,0.630705394190871
"989",1,56.4,0.612448132780083
"990",2,55.7,0.621576763485477
"991",3,59.3,0.660580912863071
"992",4,61.2,0.720331950207469
"993",5,62.9,0.726970954356846
"994",6,68.5,0.70207468879668
"995",7,64.7,0.65643153526971
"996",1,55.1,0.638174273858921
"997",2,59.8,0.692946058091286
"998",3,64.7,0.693775933609958
"999",4,65.4,0.622406639004149
"1000",5,65,0.729460580912863
"1001",6,65.6,0.740248962655602
"1002",7,64.9,0.694605809128631
"1003",1,66.2,0.663900414937759
"1004",2,53.3,0.648132780082988
"1005",3,57.9,0.810788381742739
"1006",4,66.9,0.66804979253112
"1007",5,59.6,0.646473029045643
"1008",6,42.5,0.6
"1009",7,44.9,0.594190871369295
"1010",1,51.6,0.599170124481328
"1011",2,54.8,0.629045643153527
"1012",3,54.5,0.619087136929461
"1013",4,54.4,0.569294605809129
"1014",5,49.8,0.6149377593361
"1015",6,47.3,0.664730290456432
"1016",7,49.4,0.57344398340249
"1017",1,59.3,0.5850622406639
"1018",2,62.9,0.605809128630705
"1019",3,52.7,0.64149377593361
"1020",4,52.7,0.619087136929461
"1021",5,54,0.720331950207469
"1022",6,48.6,0.695435684647303
"1023",7,42.6,0.617427385892116
"1024",1,54,0.629045643153527
"1025",2,50.3,0.644813278008299
"1026",3,48.2,0.603319502074689
"1027",4,45.6,0.643983402489627
"1028",5,56.9,0.729460580912863
"1029",6,62.1,0.665560165975104
"1030",7,53.7,0.623236514522822
"1031",1,60.2,0.673858921161826
"1032",2,60.9,0.639004149377593
"1033",3,46.6,0.660580912863071
"1034",4,42,0.646473029045643
"1035",5,41.5,0.683817427385892
"1036",6,37.5,0.753526970954357
"1037",7,36.4,0.603319502074689
"1038",1,50.5,0.642323651452282
"1039",2,55,0.643983402489627
"1040",3,46.9,0.616597510373444
"1041",4,47,0.555186721991701
"1042",5,37.8,0.648132780082988
"1043",6,42.8,0.619087136929461
"1044",7,41.2,0.568464730290456
"1045",1,49,0.643983402489627
"1046",2,48.9,0.560165975103734
"1047",3,29.4,0.493775933609959
"1048",4,26,0.549377593360996
"1049",5,25.7,0.625726141078838
"1050",6,24.5,0.621576763485477
"1051",7,25.9,0.560165975103734
"1052",1,18,0.517842323651452
"1053",2,13,0.517842323651452
"1054",3,22.1,0.525311203319502
"1055",4,22.1,0.525311203319502
"1056",5,19.6,0.608298755186722
"1057",6,37.1,0.604149377593361
"1058",7,50.4,0.570954356846473
"1059",1,42.4,0.491286307053942
"1060",2,23.8,0.549377593360996
"1061",3,22.2,0.561825726141079
"1063",5,21.9,0.50207468879668
"1064",6,37.2,0.585892116182573
"1065",7,45.6,0.599170124481328
"1066",1,22.4,0.674688796680498
"1067",2,24.7,0.539419087136929
"1068",3,30.1,0.622406639004149
"1069",4,28.3,0.57344398340249
"1070",5,34.7,0.665560165975104
"1071",6,35.1,0.547717842323652
"1072",7,31.2,0.493775933609959
"1073",1,33.5,0.588381742738589
"1074",2,35.4,0.541078838174274
"1075",3,31.2,0.602489626556017
"1076",4,28,0.529460580912863
"1077",5,28.5,0.603319502074689
"1078",6,38.5,0.637344398340249
"1079",7,47,0.59253112033195
"1080",1,45.6,0.604979253112033
"1081",2,41.9,0.547717842323652
"1082",3,27.8,0.610788381742739
"1083",4,24,0.553526970954357
"1084",5,28.7,0.637344398340249
"1085",6,30.2,0.613278008298755
"1086",7,33,0.539419087136929
"1087",1,33.5,0.536929460580913
"1088",2,43.7,0.55850622406639
"1089",3,39,0.471369294605809
"1091",5,41,0.519502074688797
"1092",6,43.6,0.595020746887967
"1093",7,29.3,0.52448132780083
"1094",1,26.8,0.562655601659751
"1095",2,17.1,0.473858921161826
"1096",3,10.5,0.485477178423237
"1097",4,19.9,1
"1098",5,25.7,0.550736497545008
"1099",6,31.5,0.530278232405892
"1100",7,29,0.420621931260229
"1101",1,2.2,0.427986906710311
"1102",2,5.3,0.411620294599018
"1105",5,8.1,0.482815057283142
"1106",6,4.8,0.529459901800327
"1107",7,25.8,0.531096563011457
"1108",1,23.1,0.496726677577741
"1109",2,16.9,0.500818330605565
"1110",3,10.5,0.552373158756137
"1111",4,22,0.624386252045827
"1112",5,28.3,0.5810147299509
"1113",6,34.2,0.606382978723404
"1114",7,36.8,0.571194762684124
"1115",1,31.8,0.579378068739771
"1116",2,33.6,0.648936170212766
"1117",3,30.9,0.609656301145663
"1118",4,29.9,0.615384615384615
"1119",5,29.6,0.654664484451719
"1120",6,32.7,0.618657937806874
"1121",7,31.1,0.528641571194763
"1122",1,23.2,0.536824877250409
"1123",2,27.4,0.552373158756137
"1124",3,25.8,0.528641571194763
"1125",4,33.3,0.575286415711948
"1126",5,27,0.584288052373159
"1127",6,27,0.520458265139116
"1128",7,29.1,0.459901800327332
"1130",2,13.5,0.418166939443535
"1131",3,21.1,0.472176759410802
"1132",4,7.4,0.468085106382979
"1133",5,17.5,0.569558101472995
"1134",6,29.1,0.555646481178396
"1135",7,36,0.503273322422259
"1136",1,25.6,0.496726677577741
"1137",2,24.8,0.514729950900164
"1138",3,30.6,0.495908346972177
"1139",4,15.9,0.5
"1140",5,11,0.517184942716858
"1141",6,18.6,0.488543371522095
"1142",7,4.5,0.451718494271686
"1143",1,11.8,0.439443535188216
"1144",2,16.5,0.488543371522095
"1145",3,7.3,0.418166939443535
"1147",5,3.3,0.532733224222586
"1148",6,21.7,0.533551554828151
"1149",7,21.4,0.485270049099836
"1150",1,4.2,0.468085106382979
"1151",2,11.3,0.513911620294599
"1152",3,21.1,0.467266775777414
"1153",4,16.8,0.423076923076923
"1154",5,6,0.522094926350245
"1155",6,6,0.445990180032733
"1156",7,18.3,0.619476268412439
"1157",1,21.3,0.538461538461538
"1158",2,28.2,0.520458265139116
"1159",3,24.1,0.459901800327332
"1160",4,11.6,0.500818330605565
"1161",5,12.4,0.582651391162029
"1162",6,31.7,0.57037643207856
"1163",7,34.9,0.511456628477905
"1164",1,36.8,0.594108019639935
"1165",2,40.5,0.61620294599018
"1166",3,42.1,0.610474631751228
"1167",4,41.8,0.614566284779051
"1168",5,47,0.666121112929624
"1169",6,51,0.653027823240589
"1170",7,45.2,0.636661211129296
"1171",1,58,0.637479541734861
"1172",2,44.6,0.566284779050736
"1173",3,36.8,0.564648117839607
"1174",4,41.7,0.586743044189853
"1175",5,42.5,0.634206219312602
"1176",6,42.5,0.563829787234043
"1177",7,32.4,0.536824877250409
"1178",1,29.1,0.484451718494272
"1179",2,29.7,0.52291325695581
"1180",3,36.6,0.591653027823241
"1181",4,36.7,0.559738134206219
"1182",5,29,0.59328968903437
"1183",6,26.8,0.537643207855974
"1184",7,31.6,0.506546644844517
"1185",1,46,0.588379705400982
"1186",2,48.7,0.567103109656301
"1187",3,51.9,0.758592471358429
"1188",4,58.5,0.649754500818331
"1189",5,50.1,0.5810147299509
"1190",6,39.7,0.567921440261866
"1191",7,53.5,0.550736497545008
"1192",1,45.5,0.553191489361702
"1193",2,40.4,0.493453355155483
"1194",3,44.5,0.555646481178396
"1195",4,50.5,0.530278232405892
"1196",5,52.6,0.584288052373159
"1197",6,47.7,0.589198036006547
"1198",7,54.7,0.632569558101473
"1199",1,60.1,0.601472995090016
"1200",2,55.8,0.627659574468085
"1201",3,54,0.653846153846154
"1202",4,52.9,0.561374795417349
"1203",5,60.2,0.642389525368249
"1204",6,59.6,0.629296235679214
"1205",7,55.6,0.575286415711948
"1206",1,48.6,0.608019639934534
"1207",2,44.3,0.542553191489362
"1208",3,39.7,0.55810147299509
"1209",4,42.3,0.598199672667758
"1210",5,44.2,0.622749590834697
"1211",6,43.5,0.56873977086743
"1212",7,44.8,0.587561374795417
"1213",1,46.3,0.590016366612111
"1214",2,46.3,0.587561374795417
"1215",3,49.7,0.62684124386252
"1216",4,45.6,0.545008183306056
"1217",5,50,0.779050736497545
"1218",6,62.1,0.561374795417349
"1219",7,67.4,0.609656301145663
"1220",1,65.1,0.637479541734861
"1221",2,52.1,0.569558101472995
"1222",3,55.6,0.604746317512275
"1223",4,66.9,0.675941080196399
"1224",5,71.1,0.660392798690671
"1225",6,59.5,0.560556464811784
"1226",7,48.5,0.606382978723404
"1227",1,56.4,0.612111292962357
"1228",2,52,0.619476268412439
"1229",3,47.6,0.627659574468085
"1230",4,52.2,0.617839607201309
"1231",5,63.2,0.672667757774141
"1232",6,69,0.72176759410802
"1233",7,72.3,0.684124386252046
"1234",1,72.1,0.620294599018003
"1235",2,50.4,0.578559738134206
"1236",3,43.5,0.596563011456628
"1237",4,51.8,0.609656301145663
"1238",5,58.8,0.67430441898527
"1239",6,61.8,0.653027823240589
"1240",7,66.1,0.562193126022913
"1241",1,70.4,0.579378068739771
"1242",2,70.6,0.630932896890344
"1243",3,68.4,0.603109656301146
"1244",4,69.5,0.654664484451719
"1245",5,72.1,0.677577741407529
"1246",6,64.4,0.588379705400982
"1247",7,47.5,0.545008183306056
"1248",1,51.2,0.780687397708674
"1249",2,55.5,0.631751227495908
"1250",3,62.3,0.635842880523732
"1251",4,68.2,0.590016366612111
"1252",5,65.3,0.643207855973813
"1253",6,60.1,0.620294599018003
"1254",7,65.7,0.604746317512275
"1255",1,73.1,0.557283142389525
"1256",2,69.7,0.598199672667758
"1257",3,80.2,0.648936170212766
"1258",4,68.9,0.657119476268412
"1259",5,61.5,0.677577741407529
"1260",6,66.1,0.665302782324059
"1261",7,73.3,0.650572831423895
"1262",1,74.8,0.604746317512275
"1263",2,68.6,0.693126022913257
"1264",3,61.3,0.590834697217676
"1265",4,71.6,0.62847790507365
"1266",5,60.8,0.634206219312602
"1267",6,62.8,0.62684124386252
"1268",7,73.5,0.64075286415712
"1269",1,75.2,0.638297872340426
"1270",2,75.3,0.599018003273322
"1271",3,70.2,0.595744680851064
"1272",4,70.7,0.641571194762684
"1273",5,63.1,0.641571194762684
"1274",6,64,0.591653027823241
"1275",7,67.5,0.652209492635025
"1276",1,68.1,0.614566284779051
"1277",2,68.1,0.612111292962357
"1278",3,60.7,0.726677577741408
"1279",4,59.3,0.619476268412439
"1280",5,64.2,0.62847790507365
"1281",6,69.7,0.691489361702128
"1282",7,72.4,0.734860883797054
"1283",1,74.2,0.619476268412439
"1284",2,67.3,0.573649754500818
"1285",3,59.7,0.587561374795417
"1286",4,63.6,0.549099836333879
"1287",5,69,0.604746317512275
"1288",6,70.4,0.653027823240589
"1289",7,73.6,0.655482815057283
"1290",1,75.7,0.639934533551555
"1291",2,76.2,0.581833060556465
"1292",3,65.8,0.650572831423895
"1293",4,66,0.550736497545008
"1294",5,77.3,0.675122749590835
"1295",6,78.7,0.635024549918167
"1296",7,79.4,0.625204582651391
"1297",1,74.5,0.636661211129296
"1298",2,74.9,0.635024549918167
"1299",3,73.6,0.633387888707038
"1300",4,74.4,0.662847790507365
"1301",5,75.2,0.70949263502455
"1302",6,79.5,0.680032733224223
"1303",7,74.7,0.656301145662848
"1304",1,77.2,0.683306055646481
"1305",2,79.4,0.627659574468085
"1306",3,81.3,0.624386252045827
"1307",4,77.1,0.634206219312602
"1308",5,78.2,0.63911620294599
"1309",6,75.5,0.854337152209493
"1310",7,79.6,0.672667757774141
"1311",1,75.7,0.596563011456628
"1312",2,72.2,0.622749590834697
"1313",3,72.7,0.631751227495908
"1314",4,73.3,0.6620294599018
"1315",5,73.2,0.68657937806874
"1316",6,75.3,0.694762684124386
"1317",7,71.8,0.609656301145663
"1318",1,75.1,0.661211129296236
"1319",2,72.9,0.647299509001637
"1320",3,71.2,0.621931260229133
"1321",4,73.8,0.641571194762684
"1322",5,78.2,0.661211129296236
"1323",6,76.6,0.67430441898527
"1324",7,78.7,0.707855973813421
"1325",1,78.6,0.606382978723404
"1326",2,73.6,0.623567921440262
"1327",3,71.7,0.648936170212766
"1328",4,64.8,0.685761047463175
"1329",5,68.7,0.702127659574468
"1330",6,72.1,0.691489361702128
"1331",7,71.5,0.659574468085106
"1332",1,65,0.592471358428805
"1333",2,63.4,0.627659574468085
"1334",3,61.9,0.648117839607201
"1335",4,63.1,0.625204582651391
"1336",5,65.5,0.659574468085106
"1337",6,67.6,0.621931260229133
"1338",7,68.4,0.654664484451719
"1339",1,71,0.609656301145663
"1340",2,77.7,0.781505728314239
"1341",3,80.3,0.655482815057283
"1342",4,81,0.716039279869067
"1343",5,74.4,0.666939443535188
"1344",6,75.4,0.626022913256956
"1345",7,79.9,0.669394435351882
"1346",1,81.5,0.661211129296236
"1347",2,77,0.586743044189853
"1348",3,70.2,0.581833060556465
"1349",4,64,0.538461538461538
"1350",5,61.9,0.565466448445172
"1351",6,57.6,0.592471358428805
"1352",7,58.1,0.600654664484452
"1353",1,65.3,0.646481178396072
"1354",2,72.9,0.66366612111293
"1355",3,70.5,0.62684124386252
"1356",4,71.7,0.586743044189853
"1357",5,72,0.647299509001637
"1358",6,65.5,0.648117839607201
"1359",7,60.4,0.66366612111293
"1360",1,62.1,0.601472995090016
"1361",2,64.6,0.635024549918167
"1362",3,68.2,0.681669394435352
"1363",4,66.7,0.585924713584288
"1364",5,65.5,0.662847790507365
"1365",6,67,0.648117839607201
"1366",7,67.4,0.656301145662848
"1367",1,69.6,0.61620294599018
"1368",2,64.4,0.54746317512275
"1369",3,56.7,0.554828150572831
"1370",4,55.2,0.725859247135843
"1371",5,55,0.653846153846154
"1372",6,52.1,0.579378068739771
"1373",7,51.9,0.534369885433715
"1374",1,57,0.617839607201309
"1375",2,60.2,0.615384615384615
"1376",3,62,0.587561374795417
"1377",4,61.7,0.573649754500818
"1378",5,60.4,0.650572831423895
"1379",6,53.2,0.595744680851064
"1380",7,61.5,0.601472995090016
"1381",1,67.1,0.597381342062193
"1382",2,55.7,0.606382978723404
"1383",3,52.3,0.625204582651391
"1384",4,54.8,0.667757774140753
"1385",5,48.9,0.600654664484452
"1386",6,42.5,0.577741407528642
"1387",7,44.6,0.552373158756137
"1388",1,54.9,0.644844517184943
"1389",2,63.7,0.642389525368249
"1390",3,62.7,0.649754500818331
"1391",4,59.8,0.633387888707038
"1392",5,55,0.635842880523732
"1393",6,61.8,0.626022913256956
"1394",7,51.3,0.595744680851064
"1395",1,49.2,0.63911620294599
"1396",2,53.2,0.532733224222586
"1397",3,52.7,0.55810147299509
"1398",4,40.6,0.54746317512275
"1399",5,45.5,0.635024549918167
"1400",6,46.8,0.590016366612111
"1401",7,52.7,0.811783960720131
"1402",1,57.9,0.642389525368249
"1403",2,58.4,0.612929623567921
"1404",3,57.5,0.647299509001637
"1405",4,63.8,0.617021276595745
"1406",5,55.5,0.611292962356792
"1407",6,44.3,0.565466448445172
"1408",7,40.8,0.576923076923077
"1409",1,41.7,0.559738134206219
"1410",2,45.1,0.523731587561375
"1411",3,47.9,0.561374795417349
"1412",4,48.4,0.567103109656301
"1413",5,41.7,0.555646481178396
"1414",6,38.9,0.569558101472995
"1415",7,52.5,0.590834697217676
"1416",1,51.6,0.608837970540098
"1417",2,51,0.54582651391162
"1418",3,58.4,0.558919803600655
"1419",4,44.6,0.569558101472995
"1420",5,35.9,0.584288052373159
"1421",6,31.9,0.432078559738134
"1422",7,19.1,0.425531914893617
"1423",1,28.4,0.531914893617021
"1424",2,31.6,0.496726677577741
"1425",3,38.3,0.507364975450082
"1426",4,52,0.481996726677578
"1427",5,45.5,0.501636661211129
"1428",6,34.7,0.538461538461538
"1429",7,32.7,0.500818330605565
"1430",1,40.1,0.545008183306056
"1431",2,41.6,0.650572831423895
"1432",3,34.8,0.585924713584288
"1433",4,33,0.5810147299509
"1434",5,36.6,0.572831423895254
"1435",6,35.8,0.578559738134206
"1436",7,35.8,0.562193126022913
"1437",1,33.7,0.563829787234043
"1438",2,40,0.599836333878887
"1439",3,46,0.560556464811784
"1440",4,48.3,0.564648117839607
"1441",5,45.9,0.607201309328969
"1442",6,49.7,0.615384615384615
"1443",7,55,0.531914893617021
"1444",1,54.7,0.604746317512275
"1445",2,41.3,0.648936170212766
"1446",3,43.3,0.590834697217676
"1447",4,33.4,0.595744680851064
"1448",5,27.7,0.534369885433715
"1449",6,23.3,0.545008183306056
"1450",7,34.2,0.567103109656301
"1451",1,46.3,0.531914893617021
"1452",2,39.3,0.567921440261866
"1453",3,47.1,0.617021276595745
"1454",4,42.1,0.552373158756137
"1456",6,39.1,0.523731587561375
"1457",7,38.4,0.513093289689034
"1458",1,33.5,0.422258592471358
"1459",2,33.5,0.51063829787234
"1460",3,28.8,0.493453355155483
"1461",4,27,0.499181669394435
"1462",5,23.4,1
"1463",6,27,0.498269896193772
"1464",7,26.8,0.534602076124567
"1465",1,26.9,0.541522491349481
"1466",2,25.5,0.542387543252595
"1467",3,28.3,0.541522491349481
"1468",4,36,0.610726643598616
"1469",5,38.5,0.641868512110727
"1470",6,37.1,0.562283737024221
"1471",7,19,0.51643598615917
"1472",1,5.1,0.443771626297578
"1473",2,14,0.474048442906574
"1474",3,6.7,0.565743944636678
"1475",4,30.6,0.634948096885813
"1476",5,39.9,0.634083044982699
"1477",6,28.4,0.563148788927336
"1478",7,7.5,0.464532871972318
"1479",1,0.6,0.445501730103806
"1480",2,5.8,0.527681660899654
"1481",3,16.7,0.535467128027682
"1482",4,19,0.548442906574394
"1483",5,23.7,0.606401384083045
"1484",6,27.8,0.624567474048443
"1485",7,27.1,0.583910034602076
"1486",1,30.6,0.643598615916955
"1487",2,32.7,0.55363321799308
"1488",3,27.6,0.578719723183391
"1489",4,34.1,0.649653979238754
"1490",5,28.3,0.645328719723183
"1491",6,37.5,0.641868512110727
"1492",7,42.2,0.575259515570934
"1493",1,36,0.737024221453287
"1494",2,34.5,0.531141868512111
"1495",3,35.6,0.589965397923875
"1496",4,26.7,0.579584775086505
"1497",5,28.9,0.570934256055363
"1498",6,30.5,0.60121107266436
"1499",7,37.6,0.533737024221453
"1500",1,30.9,0.493079584775087
"1501",2,19.3,0.471453287197232
"1502",3,13.6,0.488754325259516
"1503",4,13,0.503460207612457
"1504",5,19.1,0.558823529411765
"1505",6,9.4,0.51643598615917
"1506",7,13.9,0.444636678200692
"1507",1,20.7,0.478373702422145
"1508",2,27.5,0.540657439446367
"1509",3,28.4,0.554498269896194
"1510",4,29.6,0.589100346020761
"1511",5,47.5,0.670415224913495
"1512",6,49.1,0.607266435986159
"1513",7,39.6,0.610726643598616
"1514",1,35.1,0.552768166089965
"1515",2,35.6,0.544982698961938
"1516",3,34.8,0.5
"1517",4,33.4,0.604671280276817
"1518",5,31.1,0.640138408304498
"1519",6,36.7,0.597750865051903
"1520",7,51.7,0.539792387543253
"1521",1,40.8,0.558823529411765
"1522",2,28.3,0.706747404844291
"1523",3,20.6,0.525086505190311
"1524",4,30.1,0.532871972318339
"1525",5,30.1,0.607266435986159
"1526",6,33.5,0.604671280276817
"1527",7,38.8,0.617647058823529
"1528",1,51.3,0.687716262975779
"1529",2,61.8,0.625432525951557
"1530",3,61.1,0.587370242214533
"1531",4,49,0.619377162629758
"1532",5,42.7,0.634083044982699
"1533",6,43.3,0.645328719723183
"1534",7,46.8,0.543252595155709
"1535",1,46.9,0.591695501730104
"1536",2,49.5,0.616782006920415
"1537",3,52.6,0.644463667820069
"1538",4,47.4,0.63840830449827
"1539",5,41.3,0.684256055363322
"1540",6,38.5,0.604671280276817
"1541",7,36.8,0.592560553633218
"1542",1,38.4,0.604671280276817
"1543",2,47.8,0.624567474048443
"1544",3,41.6,0.593425605536332
"1545",4,37.1,0.585640138408305
"1546",5,34.5,0.619377162629758
"1547",6,40.1,0.635813148788927
"1548",7,46.9,0.545847750865052
"1549",1,45.1,0.641003460207612
"1550",2,43.7,0.639273356401384
"1551",3,48.9,0.619377162629758
"1552",4,59.8,0.652249134948097
"1553",5,44.9,0.714532871972318
"1554",6,35.2,0.563148788927336
"1555",7,40.1,0.610726643598616
"1556",1,40.6,0.570934256055363
"1557",2,33.5,0.583910034602076
"1558",3,44.5,0.570934256055363
"1559",4,40,0.641868512110727
"1560",5,36.9,0.541522491349481
"1561",6,30,0.596020761245675
"1562",7,37.1,0.608996539792388
"1563",1,47.7,0.58477508650519
"1564",2,39.7,0.606401384083045
"1565",3,42.7,0.617647058823529
"1566",4,47.7,0.596885813148789
"1567",5,53.5,0.701557093425606
"1568",6,57.6,0.634948096885813
"1569",7,62.5,0.612456747404844
"1570",1,65.7,0.63840830449827
"1571",2,54,0.608131487889273
"1572",3,58.1,0.596020761245675
"1573",4,61.6,0.617647058823529
"1574",5,51.2,0.630622837370242
"1575",6,47.6,0.599480968858132
"1576",7,56.2,0.653114186851211
"1577",1,69,0.655709342560554
"1578",2,53.4,0.599480968858132
"1579",3,44,0.571799307958478
"1580",4,44.9,0.632352941176471
"1581",5,44.3,0.6219723183391
"1582",6,44.8,0.523356401384083
"1583",7,45.2,0.708477508650519
"1584",1,49.3,0.654844290657439
"1585",2,52.8,0.636678200692042
"1586",3,52.3,0.589965397923875
"1587",4,48.8,0.602941176470588
"1588",5,59.2,0.686851211072664
"1589",6,64.6,0.642733564013841
"1590",7,55,0.630622837370242
"1591",1,55.9,0.632352941176471
"1592",2,54.2,0.616782006920415
"1593",3,58.2,0.655709342560554
"1594",4,61.2,0.596885813148789
"1595",5,57.6,0.698961937716263
"1596",6,46.3,0.625432525951557
"1597",7,45,0.639273356401384
"1598",1,55.7,0.676470588235294
"1599",2,54.3,0.598615916955017
"1600",3,52,0.692906574394464
"1601",4,55.2,0.660899653979239
"1602",5,58.5,0.695501730103806
"1603",6,62.5,0.685121107266436
"1604",7,66.2,0.64878892733564
"1605",1,66.1,0.676470588235294
"1606",2,71.9,0.694636678200692
"1607",3,75.9,0.622837370242215
"1608",4,71.1,0.662629757785467
"1609",5,74.2,0.692041522491349
"1610",6,73,0.684256055363322
"1611",7,71.8,0.690311418685121
"1612",1,74.5,0.709342560553633
"1613",2,72.6,0.653979238754325
"1614",3,68.1,0.808823529411765
"1615",4,70.1,0.692041522491349
"1616",5,70.1,0.711072664359862
"1617",6,68.8,0.715397923875433
"1618",7,68.2,0.672145328719723
"1619",1,71.2,0.685121107266436
"1620",2,63.3,0.652249134948097
"1621",3,60.7,0.643598615916955
"1622",4,61,0.627162629757785
"1623",5,73.8,0.661764705882353
"1624",6,82.4,0.705882352941177
"1625",7,71.4,0.735294117647059
"1626",1,67.9,0.686851211072664
"1627",2,74.1,0.722318339100346
"1628",3,78.4,0.683391003460208
"1629",4,74.4,0.710207612456747
"1630",5,70.8,0.717128027681661
"1631",6,74.3,0.660034602076125
"1632",7,77.7,0.701557093425606
"1633",1,83.4,0.742214532871972
"1634",2,75.5,0.71280276816609
"1635",3,71.8,0.647923875432526
"1636",4,70.3,0.692906574394464
"1637",5,70.9,0.698096885813149
"1638",6,76.7,0.703287197231834
"1639",7,81.3,0.669550173010381
"1640",1,79.6,0.666955017301038
"1641",2,68.2,0.663494809688581
"1642",3,66.8,0.695501730103806
"1643",4,69.4,0.732698961937716
"1644",5,68.5,0.829584775086505
"1645",6,65.5,0.653979238754325
"1646",7,68,0.676470588235294
"1647",1,70.8,0.732698961937716
"1648",2,75.5,0.774221453287197
"1649",3,77.4,0.641868512110727
"1650",4,76.8,0.683391003460208
"1651",5,75.9,0.683391003460208
"1652",6,73.1,0.630622837370242
"1653",7,72.4,0.657439446366782
"1654",1,78.3,0.606401384083045
"1655",2,81.1,0.674740484429066
"1656",3,77.8,0.6280276816609
"1657",4,76,0.66522491349481
"1658",5,70.8,0.731833910034602
"1659",6,67.3,0.674740484429066
"1660",7,70.5,0.682525951557093
"1661",1,78.6,0.691176470588235
"1662",2,78.6,0.684256055363322
"1663",3,78.8,0.71280276816609
"1664",4,81,0.678200692041522
"1665",5,79.2,0.684256055363322
"1666",6,84.6,0.703287197231834
"1667",7,78.5,0.683391003460208
"1668",1,79,0.715397923875433
"1669",2,78.9,0.758650519031142
"1670",3,79.3,0.687716262975779
"1671",4,76.8,0.669550173010381
"1672",5,73.2,0.692906574394464
"1673",6,72.3,0.801903114186851
"1674",7,72.7,0.703287197231834
"1675",1,74.7,0.761245674740484
"1676",2,77.2,0.684256055363322
"1677",3,79.6,0.667820069204152
"1678",4,80.7,0.68598615916955
"1679",5,78.2,0.745674740484429
"1680",6,75.7,0.716262975778547
"1681",7,74.7,0.724913494809689
"1682",1,76.9,0.694636678200692
"1683",2,77.7,0.627162629757785
"1684",3,80.4,0.624567474048443
"1685",4,81.7,0.737024221453287
"1686",5,79.9,0.645328719723183
"1687",6,77,0.714532871972318
"1688",7,76.7,0.728373702422145
"1689",1,74.5,0.728373702422145
"1690",2,76.5,0.705882352941177
"1691",3,77,0.745674740484429
"1692",4,76.9,0.663494809688581
"1693",5,75.3,0.68598615916955
"1694",6,74.7,0.730103806228374
"1695",7,66.4,0.679930795847751
"1696",1,67.1,0.629757785467128
"1697",2,70.5,0.650519031141868
"1698",3,74.9,0.711937716262976
"1699",4,76.4,0.666089965397924
"1700",5,72.4,0.694636678200692
"1701",6,73.6,0.708477508650519
"1702",7,76.9,0.69636678200692
"1703",1,75.7,0.762975778546713
"1704",2,75.6,0.653114186851211
"1705",3,72.9,0.673875432525952
"1706",4,67.2,0.893598615916955
"1707",5,67.6,0.691176470588235
"1708",6,67.9,0.717993079584775
"1709",7,69,0.673875432525952
"1710",1,73.2,0.710207612456747
"1711",2,82.2,0.658304498269896
"1712",3,82.5,0.625432525951557
"1713",4,76.3,0.686851211072664
"1714",5,73.8,0.707612456747405
"1715",6,68.8,0.663494809688581
"1716",7,64.7,0.655709342560554
"1717",1,66.5,0.68598615916955
"1718",2,72.2,0.679930795847751
"1719",3,69.4,0.709342560553633
"1720",4,68.2,0.711937716262976
"1721",5,72,0.697231833910035
"1722",6,73.9,0.721453287197232
"1723",7,69.1,0.67560553633218
"1724",1,71.4,0.615916955017301
"1725",2,74.8,0.685121107266436
"1726",3,70.2,0.632352941176471
"1727",4,71.4,0.718858131487889
"1728",5,71.7,0.72923875432526
"1729",6,68.5,0.720588235294118
"1730",7,71.7,0.699826989619377
"1731",1,65.9,0.660899653979239
"1732",2,60.1,0.635813148788927
"1733",3,56,0.548442906574394
"1734",4,60.7,0.607266435986159
"1735",5,61.8,0.667820069204152
"1736",6,61,0.743944636678201
"1737",7,59.7,0.61159169550173
"1738",1,61.9,0.667820069204152
"1739",2,65.2,0.642733564013841
"1740",3,68.7,0.69636678200692
"1741",4,65.8,0.652249134948097
"1742",5,65.2,0.746539792387543
"1743",6,52.4,0.618512110726644
"1744",7,55.9,0.589965397923875
"1745",1,56,0.625432525951557
"1746",2,63,0.602941176470588
"1747",3,62.3,0.644463667820069
"1748",4,47.9,0.599480968858132
"1749",5,50.2,0.710207612456747
"1750",6,58,0.711937716262976
"1751",7,68.5,0.682525951557093
"1752",1,71.8,0.706747404844291
"1753",2,73.9,0.669550173010381
"1754",3,60.4,0.615916955017301
"1755",4,54.8,0.620242214532872
"1756",5,47.7,0.657439446366782
"1757",6,46.6,0.668685121107266
"1758",7,55,0.679065743944637
"1759",1,53.7,0.66522491349481
"1760",2,46,0.636678200692042
"1761",3,47.8,0.603806228373702
"1762",4,47.6,0.630622837370242
"1763",5,48.9,0.693771626297578
"1764",6,65.8,0.718858131487889
"1765",7,54.5,0.679930795847751
"1766",1,47.9,0.75
"1767",2,65.3,0.78719723183391
"1768",3,62.3,0.647923875432526
"1769",4,56,0.677335640138408
"1770",5,52.8,0.677335640138408
"1771",6,54.7,0.710207612456747
"1772",7,56.1,0.651384083044983
"1773",1,53.8,0.637543252595156
"1774",2,55.7,0.557093425605536
"1775",3,49.5,0.588235294117647
"1776",4,49.4,0.625432525951557
"1777",5,49.4,0.689446366782007
"1778",6,41.8,0.67560553633218
"1779",7,44.6,0.570934256055363
"1780",1,48.4,0.579584775086505
"1781",2,46,0.615916955017301
"1782",3,48.1,0.666089965397924
"1783",4,54.6,0.700692041522491
"1784",5,62,0.686851211072664
"1785",6,37.9,0.58477508650519
"1786",7,29.2,0.573529411764706
"1787",1,30.1,0.59083044982699
"1788",2,32.8,0.624567474048443
"1789",3,39.8,0.604671280276817
"1790",4,40.3,0.461937716262976
"1791",5,37.3,0.596020761245675
"1792",6,37.8,0.6219723183391
"1793",7,37.8,0.599480968858132
"1794",1,44.1,0.599480968858132
"1795",2,49.7,0.603806228373702
"1796",3,40.8,0.602941176470588
"1797",4,37.5,0.710207612456747
"1798",5,37.4,0.720588235294118
"1799",6,33.3,0.655709342560554
"1800",7,31.5,0.514705882352941
"1801",1,31.9,0.58477508650519
"1802",2,32.9,0.595155709342561
"1803",3,26.2,0.570934256055363
"1804",4,21.3,0.524221453287197
"1805",5,22.9,0.577854671280277
"1806",6,20.1,0.529411764705882
"1807",7,26,0.442906574394464
"1808",1,25.2,0.544117647058823
"1809",2,15,0.496539792387543
"1810",3,9.6,0.527681660899654
"1811",4,3.9,0.501730103806228
"1812",5,11.7,0.60121107266436
"1813",6,20.4,0.531141868512111
"1814",7,11.3,0.455017301038062
"1815",1,-0.6,0.570934256055363
"1816",2,19.6,0.599480968858132
"1817",3,26,0.629757785467128
"1818",4,34.1,0.607266435986159
"1819",5,30.6,0.629757785467128
"1820",6,34.9,0.522491349480969
"1822",1,45.1,0.559688581314879
"1823",2,28,0.573529411764706
"1824",3,29.6,0.624567474048443
"1825",4,33.6,0.559688581314879
"1826",5,29.3,0.641868512110727
